content,date,like,place,tags
동네 전기차 충전시설 이 정도면 주말 충전하기 딱 좋은.#너무좋다☺️ #이마트죽전점#전기차충전 #sscharger #테슬라처럼 #디자인도깔끔👍 #니로ev #카스타그램 #carstagram #chargingstation,2020-11-29,0,이마트 죽전점,"['#너무좋다☺️ ', '#이마트죽전점', '#전기차충전 ', '#테슬라처럼 ', '#디자인도깔끔👍 ', '#니로ev ', '#카스타그램 ', '#car', '#charging']"
"#광고지금까지 전기차를 대략 7개월 정도 만족하며 운행중입니다. 만족하는데는 여러 이유들이 있지만, 그중애서도 같은 거리 대비 일반 차량 유류비 보다 압도적으로 충전비용이 저렴하다는게 가장 큰 강점이 아닐까 생각합니다..하지만 반대로 가장 번거로운점 역시 충전인데요. 평소에는 집밥을 먹이기는 하나, 매주 캠핑 갈때만 봐도 캠핑장 근처 충전소 찾는게 맛집 찾는 것 만큼 당연해져버렸습니다 ㅋㅋ.이번에 속초에 놀러다녀왔을 때는 롯데리조트 속초에 위치한 이카플러그 이비랑 충전 서비스를 이용해봤는데, 시스템이 참 잘되어있는듯 합니다. 어플로 충전 예약부터 기타 관리 등 간편하게 이용이 가능했으니까요..테슬라는 아직 DC콤보 어댑터가 개발중이라 저는 완속에 꽂아놓고 놀러갔다왔는데, 급속 이용시 1시간에 80% 정도 까지 된다고 하더라구요. 무엇보다 비용이 합리적이라 자주 찾게될듯 합니다..@ecarplug_kr #전기차 #전기차충전 #전기차충전맛집 #전기차충전소 #카스타그램 #차스타그램 #전기차라이프 #이카플러그 #이비랑",2021-01-24,0,Sokcho,"['#광고지금까지 전기차를 대략 7개월 정도 만족하며 운행중입니다. 만족하는데는 여러 이유들이 있지만', '#전기차 ', '#전기차충전 ', '#전기차충전맛집 ', '#전기차충전소 ', '#카스타그램 ', '#차스타그램 ', '#전기차라이프 ', '#이카플러그 ', '#이비랑']"
"⠀메르세데스-벤츠만의 프리미엄 충전 솔루션을 경험해보세요.Electric Intelligence by Mercedes-Benz#switchtoEQ⠀✔ 장소 : 롯데월드타워 지하 2층 메르세데스-벤츠 충전존✔ 충전 안내 :- 일반 전기자동차 충전 구역 & 메르세데스-벤츠 고객 전용 충전 구역 운영- 급속 충전기 & 완속 충전기 배치- Mercedes me Charge와 차지비 멤버십 회원 대상⠀* Mercedes me Charge 회원은 2020년까지 무료로 충전이 가능하며, 전용 충전 구역에서 보다 편리하게 이용하실 수 있습니다.",2019-11-14,0,,[]
-전기차는 맞는데... 😅.-#키즈카 #kidscar #키즈카튜닝 #kidscartuning #전동차 #유아전동차 #전동차튜닝 #전기차#전기차충전 #아파트주차장 #전기자동차#주차 #아들스스로 #미안하다 #아들아#포르쉐 #porsche #gt3 #911gt3 #지리삼#아들스타그램 #카스타그램 #carstagram,2019-09-02,0,,"['#키즈카 ', '#kid', '#키즈카튜닝 ', '#kid', '#전동차 ', '#유아전동차 ', '#전동차튜닝 ', '#전기차', '#전기차충전 ', '#아파트주차장 ', '#전기자동차', '#주차 ', '#아들스스로 ', '#미안하다 ', '#아들아', '#포르쉐 ', '#por', '#gt3 ', '#911gt3 ', '#지리삼', '#아들스타그램 ', '#카스타그램 ', '#car']"
이달의 집짓기 궁금증!Q. 단독주택에 전기차 충전기는 어떻게 설치하나요?? 🤔...#전원속의내집 #전원주택 #주택 #집 #하우스 #상가주택 #목조주택 #집짓기 #집꾸미기 #인테리어 #정원 #전기차충전 #건축 #건축가 #전기차 #조경 #brick #home #interior #yard #landscape #garden #decor #architecture #architect #country #tree #forest #더 자세한 내용은 월간 전원속의 내집과 네이버 포스트(프로필 링크 클릭 후 팔로우)를 통해 확인하세요. 😊,2019-08-16,0,,"['#전원속의내집 ', '#전원주택 ', '#주택 ', '#집 ', '#하우스 ', '#상가주택 ', '#목조주택 ', '#집짓기 ', '#집꾸미기 ', '#인테리어 ', '#정원 ', '#전기차충전 ', '#건축 ', '#건축가 ', '#전기차 ', '#조경 ', '#brick ', '#home ', '#interior ', '#yard ', '#land', '#garden ', '#decor ', '#architecture ', '#architect ', '#country ', '#tree ', '#fore', '#더 자세한 내용은 월간 전원속의 내집과 네이버 포스트(프로필 링크 클릭 후 팔로우)를 통해 확인하세요. 😊']"
호잇전기차충전기 완속충전소설치~~!! 이제 전기차 타고와도되용~~ 쪼잔하게 전기료 안받아요이제 테슬라도 곧 올 붕붕이도 하이브리드니께 여기서 쉬다가는걸로기분도 좋넹~~~!!!이젠 연료비 생각 안하고 집밥으로해결할게요ㅋㅋ 손님도 좋고 저도 좋고 상부상조여튼 좋아요😍.#전기차충전#집밥 #완속충전기 #덕수하루 #전기차 #환영 #붕붕이 #오예,2021-05-30,0,,"['#전기차충전', '#집밥 ', '#완속충전기 ', '#덕수하루 ', '#전기차 ', '#환영 ', '#붕붕이 ', '#오예']"
"구미 에너지 테마파크⚡️경북구미스마트그린산단 1공단에 위치한 에너지 테마파크에는 태양광 발전을 이용한 전기차 충전소가 설치 되어있습니다.급속 2기, 완속 8기가 있으며, 현재 무료로 전기차 충전이 가능하니 많은 관심 가져주세요!주소: 경북 구미시 공단동 295-19#경북구미스마트그린산단 #한국산업단지공단 #구미 #스마트그린산단 #스마트크리터즈 #산단공 #구미에너지테마파크 #친환경에너지 #탄소중립 #전기차 #전기차충전 #구미전기차충전소",2021-06-06,0,Gumi,"['#경북구미스마트그린산단 ', '#한국산업단지공단 ', '#구미 ', '#스마트그린산단 ', '#스마트크리터즈 ', '#산단공 ', '#구미에너지테마파크 ', '#친환경에너지 ', '#탄소중립 ', '#전기차 ', '#전기차충전 ', '#구미전기차충전소']"
"[ 스타코프 차지콘 Set 전기차충전기 (차지콘+차지스타) (3.5kW)_과금형 ]모델명 : 스타코프차지콘+차치스타 / 과금형☑️ 월 30,500원 / 제휴카드할인최대 20,000원  할인적용시 10,500원☑️ 의무사용 36개월 / 소유권이전 36개월 / A/S 1년 * 36개월 / 48개월 / 60개월 선택가능☑️ 만 20세부터 가능⠀⠀※ 설치/반품비 및 가입등록비는 가입시에는 면제되나 중도해지시 별도 부과, 도서산간/제주도 추가설치비 및 반품비 발생⠀🤍 💬 카카오톡 :  jojo000🤍 📞 대표번호 : 1877-2175🤍 💁🏻 ️ 직  통 :  010-5042-0324🤍 🖥 홈페이지 :  http://moohanrental.com#무한렌탈 #렌탈 #가전렌탈 #가전제품렌탈 #가전 #가전제품#렌탈업체 #가전제품렌탈업체 #렌탈맛집 #전기자동차 #전기자동차렌탈#전기자동차충전기 #전기자동차충전기렌탈 #과금형전기자동차충전기#전기자동차충전 #스타코프전기차충전기 #전기차충전기 #전기차충전기렌탈#전기차 #전기차충전 #전기차라이프 #전기차충전소 #전기차배터리 #전기차그램#전기차충전중 #전기차충전기추천 #전기차추천 #전기차충전기설치 #전기차충전기설치문의 #코스텔전기차충전기",2021-08-23,0,,"['#무한렌탈 ', '#렌탈 ', '#가전렌탈 ', '#가전제품렌탈 ', '#가전 ', '#가전제품', '#렌탈업체 ', '#가전제품렌탈업체 ', '#렌탈맛집 ', '#전기자동차 ', '#전기자동차렌탈', '#전기자동차충전기 ', '#전기자동차충전기렌탈 ', '#과금형전기자동차충전기', '#전기자동차충전 ', '#스타코프전기차충전기 ', '#전기차충전기 ', '#전기차충전기렌탈', '#전기차 ', '#전기차충전 ', '#전기차라이프 ', '#전기차충전소 ', '#전기차배터리 ', '#전기차그램', '#전기차충전중 ', '#전기차충전기추천 ', '#전기차추천 ', '#전기차충전기설치 ', '#전기차충전기설치문의 ', '#코스텔전기차충전기']"
"#유료광고날씨 좋으니까 르노 조에랑 드라이브 하다 떠난 즉흥여행:D 지리산-대구 900km 대장정 같이 와준 고마운 친구들😚💙조에는 완충하면 300km 넘게 까지 달릴 수 있더라구요 어디서든 급속, 완속 충전 모두 할 수 있어서 충전도 쉬웠어요! 해치백 디자인에 블루컬러, 사진마다 포인트가 되어준 조에도 고생했어<3@renault_kr#르노조에 #RenaultZOE #르노 #조에 #수입전기차 #전기차 #차스타그램 #카스타그램 #첫차 #드라이브 #조에드라이브 #전기차충전",2020-10-03,0,,"['#유료광고날씨 좋으니까 르노 조에랑 드라이브 하다 떠난 즉흥여행:D 지리산-대구 900km 대장정 같이 와준 고마운 친구들😚💙조에는 완충하면 300km 넘게 까지 달릴 수 있더라구요 어디서든 급속', '#르노조에 ', '#RenaultZOE ', '#르노 ', '#조에 ', '#수입전기차 ', '#전기차 ', '#차스타그램 ', '#카스타그램 ', '#첫차 ', '#드라이브 ', '#조에드라이브 ', '#전기차충전']"
"비오는 화요일 🌧먼지나게 뛰어다니느라 이제야 인스타그램 접속..‼️ㅤ오늘은 바로바로~~~1000만원대로 구매 가능한 전기차✨쏘울EV를 매입해왔습니다 ! 🙆🏻‍♀️ㅤ2017년형에 85,000km 단순교환없는 무사고 차량이에요 💙완충으로 200km 가까이 주행 가능한친환경차 쏘울EV 곧 소개해드릴게요 ☺️",2021-09-07,0,장안평중고차매매센터,[]
차에 밥 주는 중#밥잘사주는예쁜누나 #아우디 #아우디e트론 #아우디e트론스포트백 #전기차 #전기차충전 #전기차충전소,2021-09-07,0,,"['#밥잘사주는예쁜누나 ', '#아우디 ', '#아우디e트론 ', '#아우디e트론스포트백 ', '#전기차 ', '#전기차충전 ', '#전기차충전소']"
#함지곱창 #곱창 #볶음밥 #전기차 #전기차충전 #논현 #점심 #낮술 간만에 와이프랑 합지곱창 맛있네,2021-09-07,0,논현동어딘가,"['#함지곱창 ', '#곱창 ', '#볶음밥 ', '#전기차 ', '#전기차충전 ', '#논현 ', '#점심 ', '#낮술 간만에 와이프랑 합지곱창 맛있네']"
첫 충전~~ 충전난민의 삶 시작 ㅋㅋㅋㅋ#EV6#전기차#전기차충전#충전난민,2021-09-06,0,,"['#EV6', '#전기차', '#전기차충전', '#충전난민']"
#제주도렌트카#제주도여향 2번째 차량이였던#아이오닉 #전기차충전 하려다고장난 기계 만나서 처음에 고생ㅋ다음부터는 절대 빌리지말자 마음먹었는데다른기계에서는 잘되네 ㅋㅋ가성비 짱짱아래서 #전기차렌트 🚘 하는구나유지비 엄청 저렴쓰~~LPG 탔을때보다 유지비 반가격도 안됨!!!#제주여행#여행스타그램#여행에미치다#여행에미치다_제주#제주도 #jeju#특별한렌트카,2021-09-06,0,특별한렌트카,"['#제주도렌트카', '#제주도여향 2번째 차량이였던', '#아이오닉 ', '#전기차충전 하려다고장난 기계 만나서 처음에 고생ㅋ다음부터는 절대 빌리지말자 마음먹었는데다른기계에서는 잘되네 ㅋㅋ가성비 짱짱아래서 ', '#전기차렌트 🚘 하는구나유지비 엄청 저렴쓰~~LPG 탔을때보다 유지비 반가격도 안됨!!!', '#제주여행', '#여행스타그램', '#여행에미치다', '#여행에미치다_제주', '#제주도 ', '#jeju', '#특별한렌트카']"
차박. 캠핑. 1주전. 복귀하면서 전비체크 + 충전  뜨거운 날들이 좀 지나니 확실히 좋아졌다 에어컨이 전기를 그렇게나 많이먹나?  #tesla #전기차충전 #전기차충전소 #화성슈퍼차저 #슈퍼차져 #teslife #teslamodel3 #테슬라 #모델3 #supercharger #charging,2021-09-06,0,,"['#te', '#전기차충전 ', '#전기차충전소 ', '#화성슈퍼차저 ', '#슈퍼차져 ', '#te', '#te', '#테슬라 ', '#모델3 ', '#charging']"
"전기차 사용에 있어 가장 스트레스이자 구매를 망설이게 하는 요인 1위, 바로 충전 문제입니다. 우리나라는 충전 인프라 확충이 왜 이렇게 더딘 것이며, 일렉베리는 어떤 해답을 찾았는지 소개합니다🐥⠀#elecvery #일렉베리#전기차 #전기차충전 #인프라#tbu #스타트업",2021-09-06,0,,"['#elecvery ', '#일렉베리', '#전기차 ', '#전기차충전 ', '#인프라', '#tbu ', '#스타트업']"
전력량과 시공간에 제약받는 충전 인프라의 한계를 이동형 충전기로 극복-! 일렉베리는 ‘충전 배달 서비스’를 국내 최초로 선보일 예정입니다. ⠀#elecvery #일렉베리#전기차 #전기차충전#이동형충전기 #구독서비스#tbu #스타트업,2021-09-06,0,,"['#elecvery ', '#일렉베리', '#전기차 ', '#전기차충전', '#이동형충전기 ', '#구독서비스', '#tbu ', '#스타트업']"
"안녕하세요, 에너지 전환과 환경 콘텐츠를 전문적으로 보도해 드리는 에너지환경신문입니다.에너지환경신문은 2025년까지 전기차 27만대 보급과 전기차 충전시설 20만기 구축을 공약한 오세훈 서울시장이 ‘전기차 콘센트형 충전기’ 보급을 본격화할 것으로 보인다는 소식을 보도해드렸습니다.자세한 내용은 프로필에 링크돼 있는 ‘에너지환경신문‘에서 확인하실 수 있습니다.#에너지환경신문 #에너지 #환경 #서울시 #전기차 #전기차충전 #전기차콘센트형충전기 #전기차충전기 #전기차휴대폰",2021-09-06,0,,"['#에너지환경신문 ', '#에너지 ', '#환경 ', '#서울시 ', '#전기차 ', '#전기차충전 ', '#전기차콘센트형충전기 ', '#전기차충전기 ', '#전기차휴대폰']"
��오렌지크리에이터’PSIC'님의 원익피앤이 기업분석 리포트를 소개합니다.👏 카드뉴스 외에 자세하고 다양한 기업 분석 내용은 프로필 링크를 통해 확인 할 수 있습니다. ** 현재 오렌지보드 신규가입자를 대상으로 리포트 & 데이터 등을 한 달간 무료로 이용할 수 있는 이벤트를 진행 중입니다!!**많은 참여 부탁드립니다🤗🤗,2021-09-06,0,,[]
"[전기차 충전소 관련주 TOP15]""전기차 충전소 관련주"" 정리 ""전기차 충전소 대장주와 관련 종목들""의 상승 이유까지<전기자동차란?>전기를 동력으로 하여 움직이는 친환경 자동차로 화석 연료의 연소로부터가 아닌 배터리에 축적된 전기로 모터를 회전시켜 구동하여 에너지를 얻게 되는 자동차입니다. 내년부터 아파트 주차장에 전기차 충전시설 비율을 의무적으로 설치해야하고, 버스, 택시, 렌터카 업체는 의무적으로 친환경차를 보유해야 함에 따라 전기차 충전소의 비중이 커질 수 밖에 없습니다.전기차 충전소 관련 주식은 급상승하는 경향을 보입니다. 지금부터 전기차 충전소 관련 급등 종목을 소개해드립니다.#원익피앤이 #디스플레이텍 #에스트래픽 #아모센스 #현대퓨처넷 #대유플러스 #수성이노베이션 #포스코ict #피에스텍 #sk네트웍스 #제룡산업 #보성파워텍 #전기차 #전기차충전 #충전소 #관련주",2021-09-06,0,,"['#원익피앤이 ', '#디스플레이텍 ', '#에스트래픽 ', '#아모센스 ', '#현대퓨처넷 ', '#대유플러스 ', '#수성이노베이션 ', '#포스코ict ', '#피에스텍 ', '#제룡산업 ', '#보성파워텍 ', '#전기차 ', '#전기차충전 ', '#충전소 ', '#관련주']"
충전인생#에버온 #전기충전소 #전기차충전,2021-09-06,0,Dongdaemun History & Culture Park Station,"['#에버온 ', '#전기충전소 ', '#전기차충전']"
변화를 맞이할 준비가 되어있다면 틀림없이 성장할 수 있을 것이다! #bmw #bmw강남 #bmw코오롱모터스 #전기차충전 #전기충전소 #bmwix #bmwi4 #bmwx7 #bmwx8 #bmwxm #marveluniverse #marvel #marvelstudios #샹치 #shangchi,2021-09-05,0,BMW 코오롱모터스 강남전시장,"['#bmw ', '#bmw강남 ', '#bmw코오롱모터스 ', '#전기차충전 ', '#전기충전소 ', '#bmwix ', '#bmwi4 ', '#bmwx7 ', '#bmwx8 ', '#bmwxm ', '#marveluniver', '#marvel ', '#marvel', '#샹치 ']"
"#메리츠화재 #정영수 #전주 #평화동..전기차 배터리 방전시,긴급출동서비스 관련 문의해결완료✌. .#전주객사 #객리단길 #전주한옥마을 #전주신시가지 #전주혁신도시 #어린이보험 #운전자보험 #자동차보험 #화재보험 #간병보험 #태아보험 #치아보험 #치매보험 #유병자보험 #실비보험 #보험은메리츠 #걱정은메리츠에게 #전기차방전 #배터리방전 #전기차충전 #긴급출동 #자동차제조사서비스 #긴급견인서비스 #긴급주유서비스 #전기차방전조심 #해결완료✌️",2021-09-05,0,Jeonju,"['#메리츠화재 ', '#정영수 ', '#전주 ', '#평화동..전기차 배터리 방전시', '#전주객사 ', '#객리단길 ', '#전주한옥마을 ', '#전주신시가지 ', '#전주혁신도시 ', '#어린이보험 ', '#운전자보험 ', '#자동차보험 ', '#화재보험 ', '#간병보험 ', '#태아보험 ', '#치아보험 ', '#치매보험 ', '#유병자보험 ', '#실비보험 ', '#보험은메리츠 ', '#걱정은메리츠에게 ', '#전기차방전 ', '#배터리방전 ', '#전기차충전 ', '#긴급출동 ', '#자동차제조사서비스 ', '#긴급견인서비스 ', '#긴급주유서비스 ', '#전기차방전조심 ', '#해결완료✌️']"
"휠핑 이벤트 당첨겸해서 산청에 차박 & 캠핑 다녀옴, 아이오닉5와 조우가 즐거웠습니다. #산청캠핑 #산청경호강 #차박캠핑 #캠핑 #차박 #휠핑 #wheelping #lg시네빔 #오뚜기 #전기차 #전기차충전 #전기차차박 #아이오닉5 #electriccar #ioniq5",2021-09-05,0,Sancheong,"['#산청캠핑 ', '#산청경호강 ', '#차박캠핑 ', '#캠핑 ', '#차박 ', '#휠핑 ', '#wheelping ', '#lg시네빔 ', '#오뚜기 ', '#전기차 ', '#전기차충전 ', '#전기차차박 ', '#아이오닉5 ', '#electriccar ', '#ioniq5']"
"제주도 3박4일 #여행기록일정 순서대로 & 먹거리 위주♤ 여행코스  ▶ 1일차(9/1) : 김포공항(6시) - 제주공항 - 렌트 - 아점 - 우도 - 비밀의 숲 - 저녁 - 동문재래시장 - 숙소#뉴제주렌트카 : 니로 전기차 렌트 3박4일 5만원 #국수마당 본점 : 진한 국물의 고기국수와 입맛 당기는 비빔국수로 아점 (자매국수 휴일로 대신 방문)#우도 : 삼륜전동차로 우도 한바퀴 투어#우도한바퀴 : 삼륜전동차 대여, 걸리버여행기에서 바가지 쓸뻔했다 절반가격에 대여#우도왕자이야기 : 아이스크림 맛집, 둘 다맛있지만, 개인적으로는 한라봉아이스크림이 더 맛있#우도올레보트 : 우도가면 꼭 타야하는 존잼 보트투어 #비밀의숲 : 사진 찍기 좋은 시크릿플레이스#운산식당 : 근고기 맛집 크으 #동문재래시장 : 야식 쇼핑, 육전과 제주 에일 생맥#호텔스위트캐슬 : 깔끔한 숙소 ♤ 여행코스  ▶ 2일차(9/2) : 숙소 - 한라산관음사코스 등산 - 저녁 - 치킨 테이크아웃-  숙소#한라산 : 흐리고 힘들었지만, 백록담 봤음!#관음사탐방로 : 절경의 한라산 등산 가능!#핫앤쿡 : 정상에서 라면에 밥이 최고#막쇠 : 석쇠 불고기, 막창에 김치찌개 맛집!!#치타치킨 : 크림치킨 & 핫치킨 너무 맛있#마녀가탄빗자루 : 해안뷰의 아늑한 숙소 ♤ 여행코스  ▶ 3일차(9/3) : 숙소 - 모닝런 - 아점 - 새별오름 - 카페 - 관음사코스주차장 - 이호테우해수욕장 - 해안가산책 - 저녁#모닝런 : 전기차충전시간동안 잠깐 모닝런#전기차충전 : 250km에 만원 충전 /전기차 체고👍#모들한상 : 건강한 양식 맛집! #새별오름 : 갑자기 하늘이 열려 갔던 뷰 맛집 오름 / 경사지옥#새빌카페 : 더위 피하고자 방문한 시원하고 아름다운 카페#천제연폭포 : 비 온 다음날의 폭포#관음사코스주차장 : 인증서 출력을 위해 재방문#이호테우해수욕장 : 비수기엔 해수욕장 폐쇄#해안산책 : 노을과 함께 해안로 산책#장인의집 : 인기가 많아, 불친절하지만, 정말 맛집♤ 여행코스  ▶ 4일차(9/4) : 숙소 -렌트반납 - 체크인 - 동문재래시장 - 아침 - 제주공항 - 김포공항#착한제주고등어 : 5천원에 한끼? 그냥인생맛집!!!#제주도여행기록 끝거를만한 음식점, 순간 하나 없었음 😍😍상세 여행 피드는 다음에 차차~🤣🤣#여행스타그램",2021-09-05,0,,"['#여행기록일정 순서대로 & 먹거리 위주♤ 여행코스  ▶ 1일차(9/1) : 김포공항(6시) - 제주공항 - 렌트 - 아점 - 우도 - 비밀의 숲 - 저녁 - 동문재래시장 - 숙소', '#뉴제주렌트카 : 니로 전기차 렌트 3박4일 5만원 ', '#국수마당 본점 : 진한 국물의 고기국수와 입맛 당기는 비빔국수로 아점 (자매국수 휴일로 대신 방문)', '#우도 : 삼륜전동차로 우도 한바퀴 투어', '#우도한바퀴 : 삼륜전동차 대여', '#우도왕자이야기 : 아이스크림 맛집', '#우도올레보트 : 우도가면 꼭 타야하는 존잼 보트투어 ', '#비밀의숲 : 사진 찍기 좋은 시크릿플레이스', '#운산식당 : 근고기 맛집 크으 ', '#동문재래시장 : 야식 쇼핑', '#호텔스위트캐슬 : 깔끔한 숙소 ♤ 여행코스  ▶ 2일차(9/2) : 숙소 - 한라산관음사코스 등산 - 저녁 - 치킨 테이크아웃-  숙소', '#한라산 : 흐리고 힘들었지만', '#관음사탐방로 : 절경의 한라산 등산 가능!', '#핫앤쿡 : 정상에서 라면에 밥이 최고', '#막쇠 : 석쇠 불고기', '#치타치킨 : 크림치킨 & 핫치킨 너무 맛있', '#마녀가탄빗자루 : 해안뷰의 아늑한 숙소 ♤ 여행코스  ▶ 3일차(9/3) : 숙소 - 모닝런 - 아점 - 새별오름 - 카페 - 관음사코스주차장 - 이호테우해수욕장 - 해안가산책 - 저녁', '#모닝런 : 전기차충전시간동안 잠깐 모닝런', '#전기차충전 : 250km에 만원 충전 /전기차 체고👍', '#모들한상 : 건강한 양식 맛집! ', '#새별오름 : 갑자기 하늘이 열려 갔던 뷰 맛집 오름 / 경사지옥', '#새빌카페 : 더위 피하고자 방문한 시원하고 아름다운 카페', '#천제연폭포 : 비 온 다음날의 폭포', '#관음사코스주차장 : 인증서 출력을 위해 재방문', '#이호테우해수욕장 : 비수기엔 해수욕장 폐쇄', '#해안산책 : 노을과 함께 해안로 산책', '#장인의집 : 인기가 많아', '#착한제주고등어 : 5천원에 한끼? 그냥인생맛집!!!', '#제주도여행기록 끝거를만한 음식점', '#여행스타그램']"
#전기차#충전중🔋 #나도충전이필요한데#휴식과충전이필요한요즘#뭔가방법을찾아야겠다...#충전이필요해⚡️🔋🔌 #전기차충전 #현대아이오닉5 #아이오닉5,2021-09-04,0,환상의 섬 Jeju Island,"['#전기차', '#충전중🔋 ', '#나도충전이필요한데', '#휴식과충전이필요한요즘', '#뭔가방법을찾아야겠다...', '#충전이필요해⚡️🔋🔌 ', '#전기차충전 ', '#현대아이오닉5 ', '#아이오닉5']"
#전기차충전 해놓고 근처 산책#청학밸리리조트#시원내년 여름에는 여기서 놀아보자.,2021-09-04,0,,"['#전기차충전 해놓고 근처 산책', '#청학밸리리조트', '#시원내년 여름에는 여기서 놀아보자.']"
#E-Pit 첫 사용기!초고속은 안되지만 급속 전력을 잘 뽑아내줘서 좋다(일반 급속사용시 30kW대가 나오기도 한다...)배터리 모양으로 잔량이 채워지는 효과도 보기좋았다ㅎㅎ충전가격은 회원가입하니 고속도로 급속충전기 보다 오히려 싼거같다??충전완료 후 미출차 수수료부과도 괞찬은 거 같다마지막으로 코시국에 맞춰 UV살균까지 완벽#전기차충전 #전기차초고속충전소#EPit,2021-09-03,0,,"['#E-Pit 첫 사용기!초고속은 안되지만 급속 전력을 잘 뽑아내줘서 좋다(일반 급속사용시 30kW대가 나오기도 한다...)배터리 모양으로 잔량이 채워지는 효과도 보기좋았다ㅎㅎ충전가격은 회원가입하니 고속도로 급속충전기 보다 오히려 싼거같다??충전완료 후 미출차 수수료부과도 괞찬은 거 같다마지막으로 코시국에 맞춰 UV살균까지 완벽', '#전기차충전 ', '#전기차초고속충전소', '#EPit']"
이번주내내 전기차 충전만..ㆍ_👀_______○_○______👀______^.^___ㆍ#첫줄#전기차충전소#g80electrified #전기차충전#electrifiedg80 #genesiseg80electrified #genesiseelectrifiedg80 #eg80 #g80전기차 #제네시스eg80 #genesiseg80 #g80e,2021-09-03,0,South Korea,"['#첫줄', '#전기차충전소', '#g80electrified ', '#전기차충전', '#electrifiedg80 ', '#gene', '#gene', '#eg80 ', '#g80전기차 ', '#제네시스eg80 ', '#gene', '#g80e']"
�� #SK렌터카_카라이프기름 넣는 전기차가 있다?전기차와 내연기관차의 장점이 만난 EREV최근 장거리 주행이 필요한 중국경제성 높은 차량을 선호하는 일본의 완성차 업체들이 EREV(주행거리 연장형 전기차)에공격적인 행보를 보이고 있습니다.EREV는 어떠한 특징이 있는 차량일까요?자동차에 대한 더 많은 이야기가 있는SK렌터카 포스트에서 알차고 흥미로운 내용을 더 알아보세요!✔️충전할수록 e득 SK렌터카 이지다이렉트https://www.skcarrentalezydirect.com/#SK렌터카 #SK장기렌터카 #신차장기렌터카 #렌터카 #전기차 #전기차장기렌터카 #전기차렌터카 #EREV #전기차충전 #전기차배기구 #아이오닉5 #EV6 #테슬라모델3 #테슬라모델y휠도색,2021-09-03,0,,"['#SK렌터카_카라이프기름 넣는 전기차가 있다?전기차와 내연기관차의 장점이 만난 EREV최근 장거리 주행이 필요한 중국경제성 높은 차량을 선호하는 일본의 완성차 업체들이 EREV(주행거리 연장형 전기차)에공격적인 행보를 보이고 있습니다.EREV는 어떠한 특징이 있는 차량일까요?자동차에 대한 더 많은 이야기가 있는SK렌터카 포스트에서 알차고 흥미로운 내용을 더 알아보세요!✔️충전할수록 e득 SK렌터카 이지다이렉트http', '#SK렌터카 ', '#SK장기렌터카 ', '#신차장기렌터카 ', '#렌터카 ', '#전기차 ', '#전기차장기렌터카 ', '#전기차렌터카 ', '#EREV ', '#전기차충전 ', '#전기차배기구 ', '#아이오닉5 ', '#EV6 ', '#테슬라모델3 ', '#테슬라모델y휠도색']"
��이번 구례여행은 아이오닉과 함께 :)문산휴게소 이피트에서 충전하고 다시 출발 💟..현대자동차그룹의 전기차 초고속 충전서비스 E-pit 🚘전기차 매력에 빠진 나는 앞으로 전기차만 탈 듯 ! ..#전기차충전소 #고속도로 #휴게소 #문산휴게소 #이피트 #이피트인증샷 #🌿,2021-09-03,0,,"['#전기차충전소 ', '#고속도로 ', '#휴게소 ', '#문산휴게소 ', '#이피트 ', '#이피트인증샷 ', '#🌿']"
"어제 오후 전기차 충전 솔루션 기업인 (주)에바 와 저희 트랜스테크 양사의 업무 협약이 있었습니다..(주)에바는 2018년 삼성전자 사내벤쳐 발굴 프로그램인 C랩 프로젝트에서 출발 하였으며, 자율주행 충전로봇 분야의 선도 기업입니다..이번 업무 협약을 통해 저희 트랜스테크에서 개발한 로봇 플랫폼인 RMP 시제품이 에바의 전력공유형 스마트 충전기에 탑재되며, 향후 고도화 된 다양한 플랫폼을 활용해 비지니스 영역을 넓혀 나가는데 협력 하기로 협의 했습니다..앞으로 양사의 활약을 기대하시고, 많은 응원 부탁 드리겠습니다. 🙏 ..#트랜스테크 #TRANSTECH#로봇플랫폼 #robot_platform #RMP#에바 #EVAR#자율주행 #충전로봇 #전기차충전 #전기차이동식충전#스타트업",2021-09-03,0,TRANS TECH lnc. - 트랜스테크,"['#트랜스테크 ', '#TRANSTECH', '#로봇플랫폼 ', '#robot_platform ', '#RMP', '#에바 ', '#EVAR', '#자율주행 ', '#충전로봇 ', '#전기차충전 ', '#전기차이동식충전', '#스타트업']"
"요즘 수소, 전기 자동차가 정말 인기가 많은 종목입니다 그만큼 미래에 대한 가능성과 또 상용화가 이루어지고 있다는 거겠죠 늘어날 전기자동차에 대비해 전 세계적으로 충전소를 많이 늘리고 있는 추세입니다 우리나라도 내년부터는 아파트에 의무 설치화를 할 예정이라고 하네요#주식채널 #주식  #주식초보  #주식투자  #주식공부  #경제용어 #관련주 #급등주 #전기차 #전기자동차 #전기차관련주 #재테크 #주식정보 #종목추천 #주식스타그램 #주식분석 #금융 #경제 #전기차관련주 #코스피 #코스닥 #전기차충전소 #전기차충전 #전기 #수소차",2021-09-03,0,,"['#주식채널 ', '#주식\xa0 ', '#주식초보\xa0 ', '#주식투자\xa0 ', '#주식공부\xa0 ', '#경제용어 ', '#관련주 ', '#급등주 ', '#전기차 ', '#전기자동차 ', '#전기차관련주 ', '#재테크 ', '#주식정보 ', '#종목추천 ', '#주식스타그램 ', '#주식분석 ', '#금융 ', '#경제 ', '#전기차관련주 ', '#코스피 ', '#코스닥 ', '#전기차충전소 ', '#전기차충전 ', '#전기 ', '#수소차']"
#재테크 #부업 #투잡추천 #투잡 #재테크그램 #재테크알려주는사람들 #재테크방법 #부동산재테크 #재테크상담 #나스닥 #다우 #부업문의 #테슬라 #모델3 #모델y #모델x #전기차 #전기차충전 #급속충전 #미국주식 #주식스타그램 #주식공부 #주식투자 #주식초보 #주식정보 #주식종목,2021-09-03,0,,"['#재테크 ', '#부업 ', '#투잡추천 ', '#투잡 ', '#재테크그램 ', '#재테크알려주는사람들 ', '#재테크방법 ', '#부동산재테크 ', '#재테크상담 ', '#나스닥 ', '#다우 ', '#부업문의 ', '#테슬라 ', '#모델3 ', '#모델y ', '#모델x ', '#전기차 ', '#전기차충전 ', '#급속충전 ', '#미국주식 ', '#주식스타그램 ', '#주식공부 ', '#주식투자 ', '#주식초보 ', '#주식정보 ', '#주식종목']"
30%에서 100% 완충까지 걸린 시간 40분200kW 충전소에서 후딱 충전하고 사무실 복귀80%까진 20분이면 끝!생활반경에 전기차 충전소가 많으니 좋다!-#아이오닉5 #전기차 #전기차충전 #대전 #ioniq5 #carstagram,2021-09-03,0,,"['#아이오닉5 ', '#전기차 ', '#전기차충전 ', '#대전 ', '#ioniq5 ', '#car']"
"tvN <유 퀴즈 온 더 블록> 화제의 인물!한국의 스티브 잡스, 정우덕 저자가 알려주는스마트한 전기차 사용자를 위한 필수 가이드🚙<전기차 상식사전> 정우덕 저 l 넥서스BOOKS""전기차, 지금 사는 건 시기상조가 아닐까요?""""전기차 혜택이 이렇게나 많았었다고요?""""일단 사긴 했는데... 어떻게 관리해야 할까요?""회원 수 27만, '전기차 동호회'의 스태프인 저자가전기차 사용자들에게 들은 수많은 질문에 답해서 나온 바로 그 책!""저 또한 전기차를 구매하고 같은 고민을 가지고 헤맸습니다.그리고 찾은 답을 공유하며 국내외 전기자동차 동호회에 3년간 1만 6천 개가 넘는 글과 답변을 달아보게 되었습니다. 이 책은 그 내용을 정리한 결과물입니다.""_정우덕 저자전기차 사용자와 잠재 구매자를 위한 실전 길라잡이✨",2021-09-03,0,,[]
"전기차 충전 전쟁 이제 그만! 🔌웰릭스렌탈에서 가뿐하게 고민 해결하세요.없는 게 없는 웰릭스렌탈🧡#전기차 홈충전기도 역시 웰릭스렌탈입니다👍전기차 충전, 이제는 고민 마세요.집에 설치하는 홈충전기로 더욱 경제적으로 사용할 수 있답니다.#웰릭스렌탈 #웰릭스 #렌탈 #렌탈가전 #전기차홈충전기 #홈충전기 #충전기 #전기차충전 #자동차 #충전소",2021-09-03,0,,"['#전기차 홈충전기도 역시 웰릭스렌탈입니다👍전기차 충전', '#웰릭스렌탈 ', '#웰릭스 ', '#렌탈 ', '#렌탈가전 ', '#전기차홈충전기 ', '#홈충전기 ', '#충전기 ', '#전기차충전 ', '#자동차 ', '#충전소']"
#제주도 #済州島 #여행 2일차.#아침산책 하고 #전기차충전숙소 코앞에 있던 #오는정김밥 예약(물론 바로못먹고 다음날로… 후…)#골든데이지호텔서귀포오션#석식같은조식 먹고 점심 걸렀음..한산한 #이중섭거리 #올레시장 가볍게돌아보고 오전 일과 종료..!,2021-09-02,0,Seogwipo,"['#제주도 ', '#済州島 ', '#여행 2일차.', '#아침산책 하고 ', '#전기차충전숙소 코앞에 있던 ', '#오는정김밥 예약(물론 바로못먹고 다음날로… 후…)', '#골든데이지호텔서귀포오션', '#석식같은조식 먹고 점심 걸렀음..한산한 ', '#이중섭거리 ', '#올레시장 가볍게돌아보고 오전 일과 종료..!']"
"충전소 좀 고치라고요,,, 제발!!!!#당진 #니로ev #전기차 #회사차 #전기차충전 #너모하네 #직장인 #직장인스타그램 #빵댕이 #궁디숭디",2021-09-02,0,,"['#당진 ', '#니로ev ', '#전기차 ', '#회사차 ', '#전기차충전 ', '#너모하네 ', '#직장인 ', '#직장인스타그램 ', '#빵댕이 ', '#궁디숭디']"
다음번엔 네잎클로버 🍀 꼭 만들어봐야디ㅋㅋ....#테슬라 #테슬라모델3 #전기차 #전기차충전 #전나빠름 #겁나빠름 #서킷가자 #한국 #한국에서이렇구논다 #네잎클로버 #자율주행차 #레이싱갬성 #fiadriver #입금후출발합니다 #프로드라이버 #테스트드라이버,2021-09-02,0,고속도로 한가운데,"['#테슬라 ', '#테슬라모델3 ', '#전기차 ', '#전기차충전 ', '#전나빠름 ', '#겁나빠름 ', '#서킷가자 ', '#한국 ', '#한국에서이렇구논다 ', '#네잎클로버 ', '#자율주행차 ', '#레이싱갬성 ', '#fiadriver ', '#입금후출발합니다 ', '#프로드라이버 ', '#테스트드라이버']"
#스마트ev제타#소형전기차#트위지#전기차#출퇴근차#업무용차#배달대행#배민커넥트#쿠팡플렉스 #전기차충전 #1회충전250km #전기경차 #광주전기차 #전기차보조금 #전남전기차 #나주전기차 #화순전기차 #수완지구 #광주맛집 #광주핫플 #광주 #전기경차 # #국산전기차 #순천전기차 #여수전기차 #광양전기차 #전기차박 #쿠팡잇츠 #쿠팡이츠배달 #쿠팡배달 #월13만원이면내차첨단의 밤거리에서~~ ㅎ,2021-09-02,0,,"['#스마트ev제타', '#소형전기차', '#트위지', '#전기차', '#출퇴근차', '#업무용차', '#배달대행', '#배민커넥트', '#쿠팡플렉스 ', '#전기차충전 ', '#1회충전250km ', '#전기경차 ', '#광주전기차 ', '#전기차보조금 ', '#전남전기차 ', '#나주전기차 ', '#화순전기차 ', '#수완지구 ', '#광주맛집 ', '#광주핫플 ', '#광주 ', '#전기경차 ', '# ', '#국산전기차 ', '#순천전기차 ', '#여수전기차 ', '#광양전기차 ', '#전기차박 ', '#쿠팡잇츠 ', '#쿠팡이츠배달 ', '#쿠팡배달 ', '#월13만원이면내차첨단의 밤거리에서~~ ㅎ']"
"아우디, 순수 전기차 ‘아우디 e-트론 스포트백 55 콰트로’ 출시- 두 개의 강력한 전기 모터 탑재. 최고 출력 360마력과 최대 토크 57.2kg.m의 강력한 드라이빙 퍼포먼스 발휘- 95kWh 용량의 리튬이온 배터리 장착으로 1회 충전 시 304km 주행. 차세대 전자식 콰트로 탑재로 민첩한 주행 성능과 높은 효율성의 완벽한 조화- 버츄얼 사이드 미러, 스포티한 쿠페형 디자인과 날렵한 스포일러 등 공기역학적 디자인으로 높은 효율성 및 전기차 시대를 향한 아우디의 새로운 디자인 언어 제시#아우디 #아우디e트론 #아우디e트론스포트백 #전기차 #아우디전기차 #순수전기차 #아우디공식딜러 #아우디공식딜러중산모터스 #중산모터스 #아우디전주 #아우디전주전시장 #아우디전주서비스센터 #전기차충전",2021-09-02,0,,"['#아우디 ', '#아우디e트론 ', '#아우디e트론스포트백 ', '#전기차 ', '#아우디전기차 ', '#순수전기차 ', '#아우디공식딜러 ', '#아우디공식딜러중산모터스 ', '#중산모터스 ', '#아우디전주 ', '#아우디전주전시장 ', '#아우디전주서비스센터 ', '#전기차충전']"
전기차 충전 에티켓🤝⚡전기차 충전방법 금지법?🚫#전기차충전 #전기차라이프 #전기차충전소 #테슬라 #테슬라충전 #전기차배터리 #phev#하이브리드자동차 #저공해차량 #친환경차 #주차 #일상 #운전자상식 #자동차정보 #카린이 #EV6#니로하이브리드 #아이오닉5 #링컨에비에이터 #포드익스플로러 #bmw하이브리드,2021-09-02,0,,"['#전기차충전 ', '#전기차라이프 ', '#전기차충전소 ', '#테슬라 ', '#테슬라충전 ', '#전기차배터리 ', '#phev', '#하이브리드자동차 ', '#저공해차량 ', '#친환경차 ', '#주차 ', '#일상 ', '#운전자상식 ', '#자동차정보 ', '#카린이 ', '#EV6', '#니로하이브리드 ', '#아이오닉5 ', '#링컨에비에이터 ', '#포드익스플로러 ', '#bmw하이브리드']"
"[보육기업 소식] 제주센터 보육기업 '에바' 시리즈A 투자 유치🎉⠀이동식 전기차 충전 솔루션 기업 '에바'가 현대차, SK렌터카 등으로부터 55억 원 규모의 시리즈A 투자를 유치했어요👍🏻⠀에바는 아파트와 공동주택 주차장 등의 부족한 전기차 충전 설비에 대한 솔루션을 제시했다는 평가를 받았습니다⠀한편, 도전 K-스타트업을 통해 제주센터 보육기업으로 선정된 에바는 전기차 충전 규제 자유특구로 지정된 제주에서 다양한 실증사업을 진행하며 성장하고 있는데요💪⠀제주를 넘어 전국 전기차 충전 솔루션을 제공하는 기업으로 성장하기를 기대합니다🍀#제주창조경제혁신센터 #전기차충전 #에바 #EVAR #시리즈A",2021-09-02,0,,"['#제주창조경제혁신센터 ', '#전기차충전 ', '#에바 ', '#EVAR ', '#시리즈A']"
설렘의 향연,2021-09-01,0,,[]
전기차 충전기의 선구자 CASTPRO에서 쇼핑몰을 런칭 했습니다🥳이제 전기차 구매는 캐스트몰에서~...9월달 100명 한정 쇼핑몰 오픈 이벤트도 진행 중이니많은 참여 부탁드리겠습니다😁캐스트프로 URLhttp://www.castpro.kr/캐스트몰 URLhttps://castmall.kr/#전기차 #전기차충전기 #자동차 #충전기 #차스타그램 #휴대용전기차충전기 #완속충전기 #전기자동차충전기 #캐스트프로 #castpro #휴대용전기차충전기 #테슬라 #전기차 #전기차충전기 #이동식충전기 #전기자동차 #집밥 #전기차충전 #브랜드k #K브랜드 #국가인증 #K충전기 #K마크 #국산 #현대 #기아 #테슬라 #아이오닉5 #EV6 #모델3,2021-09-01,0,,"['#전기차 ', '#전기차충전기 ', '#자동차 ', '#충전기 ', '#차스타그램 ', '#휴대용전기차충전기 ', '#완속충전기 ', '#전기자동차충전기 ', '#캐스트프로 ', '#ca', '#휴대용전기차충전기 ', '#테슬라 ', '#전기차 ', '#전기차충전기 ', '#이동식충전기 ', '#전기자동차 ', '#집밥 ', '#전기차충전 ', '#브랜드k ', '#K브랜드 ', '#국가인증 ', '#K충전기 ', '#K마크 ', '#국산 ', '#현대 ', '#기아 ', '#테슬라 ', '#아이오닉5 ', '#EV6 ', '#모델3']"
#재테크 #부업 #투잡추천 #투잡 #재테크그램 #재테크알려주는사람들 #재테크방법 #부동산재테크 #재테크상담 #나스닥 #다우 #부업문의 #테슬라 #전기차 #전기차충전 #급속충전 #미국주식 #주식스타그램 #주식공부 #주식투자 #주식초보 #주식정보 #주식종목,2021-09-01,0,,"['#재테크 ', '#부업 ', '#투잡추천 ', '#투잡 ', '#재테크그램 ', '#재테크알려주는사람들 ', '#재테크방법 ', '#부동산재테크 ', '#재테크상담 ', '#나스닥 ', '#다우 ', '#부업문의 ', '#테슬라 ', '#전기차 ', '#전기차충전 ', '#급속충전 ', '#미국주식 ', '#주식스타그램 ', '#주식공부 ', '#주식투자 ', '#주식초보 ', '#주식정보 ', '#주식종목']"
차 충전 100% 525km핸드폰 충전 100%어제 일찍 자서 내 에너지도 100%완충했습니다~출근!🦸‍♀️#전기차 #전기차충전 #ev6 #ev6gt #진주홈파티 #진주칠순연 #창원홈파티 #진주도시락 #진주단체도시락,2021-08-31,0,,"['#전기차 ', '#전기차충전 ', '#ev6 ', '#ev6gt ', '#진주홈파티 ', '#진주칠순연 ', '#창원홈파티 ', '#진주도시락 ', '#진주단체도시락']"
#제주2일차#전기차충전#정신이혼미#영혼까지탈탈털린날#승마체험 #잼있어서두바퀴#말멋짐#아들램투닥투닥#난너무힘들다#휴가인가고문인가#하얗게불태워따😵 #남는건사진뿐#한번만더찍자😆 #귀차니즘아들#열혈엄마모드 #오늘하루도무사히,2021-08-31,0,,"['#제주2일차', '#전기차충전', '#정신이혼미', '#영혼까지탈탈털린날', '#승마체험 ', '#잼있어서두바퀴', '#말멋짐', '#아들램투닥투닥', '#난너무힘들다', '#휴가인가고문인가', '#하얗게불태워따😵 ', '#남는건사진뿐', '#한번만더찍자😆 ', '#귀차니즘아들', '#열혈엄마모드 ', '#오늘하루도무사히']"
"전기차 끌고오신 손님분들을 위해 설치했어요!근처 지나가시는 분들도 충전이 급하시면 충전하시는김에 정원구경하고 가세요~~👌------------------------------------ 🌴이호테우해변 차량 5분🌴제주공항 차량 10분 🌴편의점 0.1분🌴전객실 신축 리모델링(21.08~)⭐️매주 불금 무제한 와인파티🍷⭐️매일 함께즐기는 야외 캠프파이어(불멍)🔥🪵⭐️600평대 정원+야간+조명=인생샷(제주감성)📸🌴조식제공(전 신라호텔주방장)🌴화장실 각 방마다 실내배치🌴샴푸,바디워시,비누 제공🌴위생 및 청결 철저하게 관리(청소전문업체고용)🌴너무 재밌고,친절한 스텝들 항시대기👨‍👩‍👧‍👦 예약문의: 010-5744-0500온라인예약: 프로필 소개란 링크 클릭✔️#전기차충전 #제주전기차 #제주전기차충전소 #제주도전기차충전소있는게스트하우스 #제주도전기차 #제주전기차충전소있는숙소 #제주게스트하우스 #오로라제주",2021-08-31,0,,"['#전기차충전 ', '#제주전기차 ', '#제주전기차충전소 ', '#제주도전기차충전소있는게스트하우스 ', '#제주도전기차 ', '#제주전기차충전소있는숙소 ', '#제주게스트하우스 ', '#오로라제주']"
